"Disease","Precaution 1","Precaution 2","Precaution 3","Precaution 4"
"Drug Reaction","Stop the drug","Manage irritation (cool compress)","Consult nearest hospital","Follow up with prescriber"
"Malaria","Consult nearest hospital","Use antimalarial medication as prescribed","Avoid oily/non-veg foods if advised","Use mosquito nets/repellent"
"Allergy","Apply calamine for rash","Cover area with bandage if oozing","Use ice to compress itching","Avoid known trigger"
"Hypothyroidism","Take prescribed thyroid hormone","Reduce stress","Regular exercise","Get proper sleep"
"Psoriasis","Wash with warm soapy water","Stop bleeding using pressure","Consult dermatologist","Salt/warm baths to soothe"
"GERD","Avoid fatty/spicy food","Avoid lying down after eating","Maintain healthy weight","Small frequent meals"
"Chronic cholestasis","Cold baths to soothe itch","Take anti-itch medication as advised","Consult hepatology","Eat balanced diet"
"Hepatitis A","Consult nearest hospital if severe","Strict hand hygiene","Avoid fatty/spicy foods","Supportive medication/rest"
"Osteoarthritis","Use acetaminophen as advised","Consult orthopedist","Exercise within limits","Salt baths/soaks"
"(Vertigo) Benign Paroxysmal Positional Vertigo","Lie down during episodes","Avoid sudden body/head movements","Perform Epley maneuver if instructed","Relax and hydrate"
"Hypoglycemia","Lie down on side if faint","Check pulse/BS regularly","Drink sugary drinks/juice","Consult doctor for recurrent events"
"Acne","Wash twice daily with gentle cleanser","Avoid greasy/spicy foods if triggers","Drink plenty of water","Avoid overuse of products"
"Diabetes","Maintain balanced diet","Regular exercise","Consult endocrinologist","Regular follow-up and glucose monitoring"
"Impetigo","Soak affected area warm water","Use prescribed antibiotics","Remove scabs gently with wet cloth","Consult doctor"
"Hypertension","Practice meditation/relaxation","Limit salt intake","Reduce stress","Ensure adequate sleep"
"Peptic ulcer disease","Avoid fatty/spicy foods","Consume probiotics if tolerated","Avoid unnecessary milk (per doctor)","Limit alcohol and NSAIDs"
"Hemorrhoids (piles)","Avoid fatty/spicy foods","Use witch hazel/topical","Warm baths with Epsom salt","Consume aloe vera/ fiber"
"Common Cold","Drink vitamin C-rich fluids","Use vapour/inhalation","Avoid cold foods if uncomfortable","Monitor fever and hydrate"
"Chickenpox","Use neem/soothing baths if traditional practice","Avoid scratching; keep nails short","Isolate to avoid spread","Seek vaccination for prevention"
"Cervical spondylosis","Use heating pad or cold pack","Neck exercises and physiotherapy","Use OTC pain relievers when advised","Consult doctor if neurological signs"
"Hyperthyroidism","Follow endocrine treatment plan","Eat balanced nutritious food","Consider relaxation/massage","Discuss radioactive iodine or other treatments with doctor"
"Urinary tract infection","Drink plenty of water","Increase vitamin C intake","Cranberry juice or supplements","Consult doctor for antibiotics"
"Varicose veins","Lie down and raise legs","Use topical ointments/vein creams","Use compression stockings","Avoid prolonged standing"
"AIDS (HIV)","Avoid open cuts & exposures","Use PPE when appropriate","Consult HIV specialist","Adhere to follow-up and antiretroviral therapy"
"Paralysis (post brain hemorrhage)","Physical therapy and massage","Nutrient-rich diet","Regular rehabilitative exercise","Consult neurologist"
"Typhoid","Eat easily digestible high-calorie vegetables","Antibiotic therapy per culture/sensitivity","Consult doctor","Follow medication course"
"Hepatitis B","Consult nearest hospital/hepatology","Vaccination for contacts","Eat healthy","Follow prescribed medication"
"Fungal infection","Bath twice daily","Use antiseptic/neem in bathing water","Keep infected area dry","Use clean clothes and topical antifungal"
"Hepatitis C","Consult specialist","Discuss antiviral medications","Eat healthy","Vaccinate contacts when appropriate"
"Migraine","Practice meditation and relaxation","Reduce stress and triggers","Use protective glasses (polarized) in sun","Consult doctor for preventive meds"
"Bronchial Asthma","Wear loose clothing","Practice controlled breathing","Avoid known triggers","Seek medical help in exacerbation"
"Alcoholic hepatitis","Stop alcohol intake immediately","Consult doctor","Medical management as advised","Regular follow-up"
"Jaundice","Drink plenty of water","Use milk thistle if advised by practitioner","Eat fruits and high-fiber foods","Consult doctor for tests/medication"
"Hepatitis E","Stop alcohol, rest","Consult doctor for management","Supportive medication","Hydrate and monitor liver function"
"Dengue","Stay hydrated; replace fluids","Avoid fatty/spicy meals","Keep mosquitoes away and avoid further bites","Seek medical care for warning signs"
"Hepatitis D","Consult hepatologist","Adhere to medication","Eat healthy","Regular follow-up"
"Heart attack","Call emergency services immediately","Chew or take aspirin if advised","Keep calm and rest","Seek urgent cardiac care"
"Pneumonia","Consult doctor for antibiotics/management","Rest and hydrate","Follow prescribed medication","Arrange follow-up chest evaluation"
"Arthritis","Regular low-impact exercise","Alternate hot/cold therapy","Consider acupuncture/physio","Massage and joint care"
"Gastroenteritis","Stop solid foods briefly; small sips of water","Rest and rehydrate (ORS)","Gradually reintroduce bland diet","Seek medical care if severe"
"Tuberculosis","Cover mouth when coughing","Consult TB clinic/doctor","Adhere to full course of medication","Rest and nutrition support"
"Anemia (iron-deficiency)","Increase iron-rich foods","Take supplements as prescribed","Consume with vitamin C to enhance absorption","Avoid tea/coffee near meals"
"Chickenpox (Shingles)","Start antiviral if within window","Use cool compresses to reduce itch","Avoid scratching; keep area clean","Consult for pain control"
"Conjunctivitis","Avoid touching/rubbing eyes","Use prescribed eye drops","Maintain strict hygiene and separate towels","Seek ophthalmology if vision affected"
"Otitis media (ear infection)","Avoid water entry into ear","Use prescribed pain relief/antibiotics","Warm compress for pain","Consult ENT if recurrent"
"Strep throat","Seek medical evaluation","Take full course of antibiotics if prescribed","Gargle with warm saline","Rest voice and hydrate"
"Influenza","Antiviral treatment if within window","Rest and hydration","Avoid contact with vulnerable people","Consider annual vaccination"
"Sinusitis","Steam inhalation/vapour","Nasal saline rinses","Consult for antibiotics if bacterial","Avoid allergens/triggers"
"COVID-19","Isolate per local guidance","Monitor symptoms and oxygenation","Seek testing and medical care if severe","Follow local public health guidance"
"Bronchitis","Avoid smoking and irritants","Rest and hydrate","Use a humidifier or vapour","Consult for antibiotics if bacterial"
"Whooping Cough (Pertussis)","Seek antibiotic treatment","Isolate infant/elderly contacts","Vaccinate contacts if eligible","Supportive breathing care"
"Common Cold with Asthmatic Component","Monitor breathing","Use inhaler as prescribed","Avoid triggers","Seek urgent care for breathing difficulty"
"Urinary stone (nephrolithiasis)","Drink plenty of water","Pain control and medical follow-up","Strain urine to catch stones if advised","Consult urology if severe"
"Kidney infection (pyelonephritis)","Seek antibiotics promptly","Hydrate well","Pain control and follow-up tests","Hospitalize if vomiting/dehydration"
"Cholecystitis","Seek surgical/gastroenterology review","Nil by mouth if severe; IV fluids","Pain management","Plan for cholecystectomy if recurrent"
"Chronic kidney disease","Control blood pressure and glucose","Low-salt diet and fluid management","Avoid nephrotoxic meds","Regular nephrology follow-up"
"Urinary incontinence","Pelvic floor exercises (Kegels)","Avoid bladder irritants","Scheduled voiding","Consult urology"
"Benign prostatic hyperplasia (BPH)","Discuss meds with urologist","Avoid fluids before bedtime","Pelvic exercises and monitoring","Consider surgical options if severe"
"Erectile dysfunction","Lifestyle measures (exercise, quit smoking)","Manage comorbidities (diabetes, HTN)","Avoid unprescribed meds","See urologist"
"Polycystic ovary syndrome (PCOS)","Maintain healthy weight","Balanced diet with low refined carbs","Exercise regularly","Seek endocrine/gynecology care"
"Pelvic inflammatory disease","Seek prompt antibiotics","Avoid sexual activity until treated","Partner treatment as advised","Follow-up to prevent complications"
"Osteoporosis","Calcium and vitamin D intake","Weight-bearing exercise","Avoid smoking/excess alcohol","Bone density monitoring and meds if indicated"
"Rickets","Ensure vitamin D and calcium","Sunlight exposure safely","Dietary supplementation","Pediatric follow-up"
"Appendicitis","Seek emergency surgical evaluation","Do not eat or drink if suspected","Avoid pain meds that mask exam without advice","Prompt surgery usually required"
"Gout","Avoid high-purine foods and alcohol","Hydrate well","Medication to lower uric acid as prescribed","Seek specialist if recurrent"
"Sepsis","Seek urgent medical care","Early antibiotics and fluids in hospital","Monitor organ function","Follow up with specialist"
"Cellulitis","Keep area clean and elevated","Seek antibiotics promptly","Monitor for spreading/red streaks","Consult doctor for wound care"
"Pressure ulcers (bedsores)","Frequent repositioning","Keep skin clean and dry","Use pressure-relieving surfaces","Nutrition and wound care"
"Eczema (Atopic dermatitis)","Moisturize regularly","Avoid known irritants and allergens","Use topical treatments as prescribed","Cool compresses for itch"
"Contact dermatitis","Avoid contact with trigger substance","Wash area with mild soap/water","Topical steroid or antihistamine as advised","Protective clothing/gloves"
"Scabies","Treat whole household with permethrin or as instructed","Wash bedding and clothing hot","Avoid close contact until treated","Itch control with antihistamines"
"Ringworm (tinea)","Topical antifungal application","Keep area dry and clean","Avoid sharing personal items","Complete full course of treatment"
"Hand-foot-and-mouth disease","Hydration and soft foods","Avoid aspirin in children","Isolation until non-infectious","Topical care for mouth ulcers"
"Measles","Supportive care and hydration","Isolation to prevent spread","Vitamin A in children if recommended","Vaccination for prevention"
"Mumps","Rest and analgesia","Apply cold packs for swelling","Isolate to prevent spread","Hydration and soft foods"
"Rubella","Isolate to avoid congenital infection risk","Supportive symptomatic care","Notify public health if pregnant exposures","Vaccination for prevention"
"Whooping cough (infant)","Immediate medical assessment","Antibiotics for patient and close contacts","Monitor infant breathing","Hospitalize if respiratory compromise"
"Poliomyelitis","Seek urgent medical care","Supportive and respiratory support if needed","Vaccination for prevention","Rehabilitation if affected"
"Rabies (exposure)","Immediate wound washing with soap and water","Seek post-exposure prophylaxis","Consult infectious diseases/public health","Tetanus update as appropriate"
"Leprosy (Hansen's disease)","Early diagnosis and multidrug therapy","Avoid stigma; ensure medication adherence","Monitor for neuropathy","Rehabilitation and skin care"
"Malnutrition (undernutrition)","Nutrient-dense meals and supplements","Treat underlying disease","Regular growth monitoring (children)","Refer to nutrition services"
"Obesity","Gradual weight loss through diet and activity","Behavior change counselling","Avoid fad diets","Consider medical/surgical options if indicated"
"Hyperlipidemia","Healthy diet and reduced saturated fats","Exercise regularly","Medication adherence if prescribed","Regular lipid monitoring"
"Deep vein thrombosis (DVT)","Seek urgent medical assessment","Anticoagulant therapy as prescribed","Avoid long immobilization","Compression stockings as advised"
"Pulmonary embolism","Immediate emergency care","Anticoagulation or intervention","Oxygen support if needed","Long-term follow-up for anticoagulation"
"Anaphylaxis","Immediate epinephrine injection if available","Call emergency services","Position patient and maintain airway","Follow-up with allergy specialist"
"Severe allergic reaction (urticaria)","Antihistamines and topical measures","Identify and avoid triggers","Seek medical attention if systemic signs","Carry anaphylaxis plan if at risk"
"Stroke (ischemic)","Call emergency services immediately","Do not give food/drink; keep airway open","Time-sensitive thrombolysis depending on window","Rehabilitation and secondary prevention"
"Hemorrhagic stroke","Emergency neurosurgical assessment","Control blood pressure and bleeding source","Supportive care in ICU","Rehabilitation afterwards"
"Transient ischemic attack (TIA)","Seek urgent evaluation","Begin secondary prevention (antiplatelet/anticoagulation) as advised","Manage vascular risk factors","Follow-up with neurologist"
"Parkinson's disease","Medication adherence as prescribed","Regular physiotherapy and exercise","Manage fall risk at home","Neurology follow-up for therapy adjustments"
"Alzheimer's disease","Cognitive stimulation and routines","Safety measures at home","Support caregivers and social services","Neurology/geriatrics follow-up"
"Epilepsy","Take antiseizure meds as prescribed","Avoid driving until cleared","Identify and avoid triggers","Safety measures during seizures"
"Multiple sclerosis","Neurology follow-up and disease-modifying therapy","Manage relapses with steroids when indicated","Physio for mobility","Monitor for fatigue and infections"
"Meningitis","Seek urgent medical assessment","Immediate antibiotics/antivirals as indicated","Isolation for certain infectious causes","Supportive hospital care"
"Encephalitis","Hospital assessment and supportive care","Antivirals if indicated","Monitor neurological status","Rehabilitation after acute illness"
"Concussion","Cognitive and physical rest initially","Gradual return to activities under guidance","Avoid repeat head injury","Seek medical review for persistent symptoms"
"Peripheral neuropathy","Manage underlying cause (diabetes, B12)","Pain control and neuropathic meds","Foot care and footwear","Neurology follow-up"
"Bell's palsy","Start steroids within window if indicated","Protect the eye with drops/patch at night","Facial exercises/physio","Monitor recovery"
"Guillain-Barré syndrome","Seek hospital care for respiratory monitoring","IVIG or plasmapheresis if indicated","Physiotherapy and supportive care","Monitor autonomic function"
"Amyotrophic lateral sclerosis (ALS)","Neurology review and multidisciplinary care","Respiratory monitoring","Nutritional support","Speech and occupational therapy"
"Peripheral arterial disease","Quit smoking and exercise","Control BP and lipids","Antiplatelet therapy as prescribed","Foot care and vascular surgery review if needed"
"Coronary artery disease","Manage risk factors (BP, lipids, smoking)","Adhere to cardiac meds","Cardiac rehabilitation and exercise","Seek emergency care for chest pain"
"Congestive heart failure","Salt restriction and fluid management","Medication adherence (ACEi, beta-blockers, diuretics)","Daily weight monitoring","Regular cardiology follow-up"
"Arrhythmia (AFib)","Seek cardiology assessment","Anticoagulation if indicated","Rate/rhythm control meds as prescribed","Monitor for palpitations/syncope"
"Endocarditis","Seek urgent medical treatment","IV antibiotics and possible surgery","Dental hygiene and prophylaxis when indicated","Follow-up with cardiology"
"Pericarditis","Analgesia/anti-inflammatory meds as advised","Rest and avoid strenuous activity","Seek cardiology review for recurrent or severe cases","Monitor for tamponade signs"
"Aortic aneurysm","Blood pressure control","Smoking cessation","Regular imaging surveillance","Surgical referral if large or symptomatic"
"Rheumatic heart disease","Treat streptococcal infections promptly","Secondary prophylaxis (penicillin) if indicated","Cardiac follow-up and monitoring","Surgery if severe valve disease"
"Endocrine adrenal insufficiency","Take replacement steroids as prescribed","Medical alert identification","Stress dose steroids during illness","Endocrinology follow-up"
"Cushing's syndrome","Endocrinology assessment and treatment of cause","Monitor blood pressure/glucose","Gradual tapering of steroids if iatrogenic","Surgical/endocrine therapy as needed"
"Addison's disease","Adrenal replacement therapy adherence","Emergency hydrocortisone for crisis","Medical alert card/bracelet","Regular follow-up"
"Hyperparathyroidism","Monitor calcium and bone health","Hydration to reduce stones","Surgical referral if symptomatic","Endocrine follow-up"
"Pancreatitis (acute)","Nil by mouth if severe; IV fluids","Pain control and monitoring","Avoid alcohol and offending drugs","Gradual refeeding when stable"
"Chronic pancreatitis","Avoid alcohol and smoking","Pancreatic enzyme replacement if needed","Low-fat diet and nutrition support","Pain management and specialist follow-up"
"Peptic ulcer with bleeding","Seek emergency care","Stop NSAIDs and smoking","Endoscopic evaluation and therapy","Treat H. pylori if present"
"GERD with alarm features","Avoid trigger foods and late meals","Seek evaluation for alarm symptoms (weight loss, bleeding)","Proton pump inhibitor under guidance","Endoscopy if indicated"
"Diverticulitis","Clear liquids then gradual diet advancement","Antibiotics if bacterial per doctor","Avoid straining; high-fiber diet after recovery","Surgical review for recurrent disease"
"Inflammatory bowel disease (IBD)","Medication adherence (5-ASA, steroids, biologics)","Monitor nutrition and bone health","Avoid NSAIDs if possible","Gastroenterology follow-up"
"Irritable bowel syndrome (IBS)","Dietary modification (low FODMAP if helpful)","Stress management","Regular bowel habit routines","Symptom-directed meds"
"Constipation","Increase fiber and fluids","Regular exercise","Avoid overuse of laxatives; use when advised","Bowel routine and medical review if chronic"
"Diarrhea (acute)","Oral rehydration (ORS)","Avoid anti-motility agents in certain infections without advice","Consume bland diet when refeeding","Seek care for blood/high fever/dehydration"
"Gallstones","Manage pain and observe if asymptomatic","Low-fat diet if symptomatic","Surgical consult for cholecystectomy if recurrent","Hydration"
"Peptic ulcer disease (recurrent)","Test and treat H. pylori if present","Avoid NSAIDs and smoking","PPI therapy as prescribed","Periodic follow-up"
"Pancreatic cancer (supportive)","Oncology referral for staging","Nutritional support and pain control","Consider palliative care early","Discuss treatment options"
"Breast cancer","Regular screening mammography as advised","Prompt evaluation of lumps","Oncology referral for treatment","Genetic counselling if family history"
"Prostate cancer","PSA and digital rectal exam per guidelines","Urology/oncology referral","Discuss treatment options with specialist","Regular monitoring"
"Lung cancer","Stop smoking","Oncology referral and staging","Consider imaging/biopsy for diagnosis","Discuss multimodal treatment"
"Colorectal cancer","Screening colonoscopy as recommended","Prompt evaluation of red-flag symptoms","Oncology and surgical referral","Diet and nutrition support"
"Cervical cancer","Regular Pap/HPV screening","HPV vaccination for prevention","Gynecology oncology referral if abnormal","Follow-up after treatment"
"Ovarian cancer","Seek gynecologic evaluation for persistent symptoms","Imaging and tumor markers as indicated","Oncology referral","Consider genetic counselling"
"Testicular cancer","Self-examination and early evaluation for lumps","Urology/oncology referral","Prompt imaging (ultrasound) and tumor markers","Fertility counselling if needed"
"Skin cancer (melanoma)","Protect skin from sun; use sunscreen","Monitor moles and seek early dermatology review","Avoid tanning beds","Prompt excision of suspicious lesions"
"Basal cell carcinoma","Dermatology/excision as advised","Sun protection","Monitor for recurrence","Follow-up skin checks"
"Squamous cell carcinoma (skin)","Prompt dermatology evaluation","Excision per guidelines","Avoid UV exposure","Follow-up"
"Leukemia","Hematology/oncology referral","Start indicated chemotherapy/therapy","Infection precautions due to neutropenia","Supportive care and follow-up"
"Lymphoma","Oncology referral for staging and treatment","Chemotherapy/radiation as advised","Infection precautions","Monitor for B symptoms"
"Multiple myeloma","Hematology referral","Bone health management (bisphosphonates)","Monitor renal function and anemia","Treatment per specialist"
"Anaphylaxis to food","Avoid trigger foods strictly","Carry epinephrine auto-injector","Nutritionist/allergy follow-up","Label-checking and dining precautions"
"Food poisoning","Hydration/ORS","Rest and bland diet","Seek care for bloody diarrhea, high fever, or dehydration","Report outbreaks to public health"
"Lead poisoning","Remove exposure source","Chelation therapy if indicated","Monitor hemoglobin and neurodevelopment in children","Public health reporting"
"Carbon monoxide poisoning","Move to fresh air immediately","Seek emergency medical care and oxygen therapy","Install CO detectors at home","Avoid enclosed combustion sources"
"Heatstroke","Move to cool area and remove excess clothing","Cool with ice packs/fans/immersion","Seek emergency medical care","Hydrate carefully"
"Hypothermia","Gradual rewarming and dry clothing","Warm beverages if conscious","Avoid rough handling","Seek medical care for severe cases"
"Dehydration","Oral rehydration fluids","Avoid excessive exertion in heat","Monitor urine output","Seek IV fluids if severe"
"Rickets (vitamin D deficiency)","Ensure vitamin D and calcium supplements","Safe sun exposure","Dietary changes","Pediatric follow-up"
"Vitamin B12 deficiency","Dietary intake and supplements","Check for pernicious anemia","Neurological monitoring","Follow-up labs and replacement therapy"
"Scurvy (vitamin C deficiency)","Increase vitamin C-rich foods","Supplements as recommended","Address underlying causes of poor diet","Monitor for healing improvement"
"Hyperemesis gravidarum","Hydration and antiemetic therapy","Small frequent meals and electrolyte replacement","Obstetric review","Monitor weight and labs"
"Pre-eclampsia","Regular blood pressure monitoring","Seek obstetric care for severe symptoms","Hospitalization if severe","Delivery planning as definitive treatment"
"Ectopic pregnancy","Seek emergency care","Do not delay—risk of rupture","Treatment with methotrexate or surgery","Follow-up hCG monitoring"
"Miscarriage","Seek obstetric care and counseling","Observe bleeding and pain","Discuss management options (expectant/medical/surgical)","Emotional support and follow-up"
"Placenta previa","Avoid vaginal exams if bleeding","Hospital obstetric care","Plan for C-section if persistent bleeding","Monitor fetal wellbeing"
"Gestational diabetes","Blood glucose monitoring","Dietary changes and exercise","Medication if needed (insulin)","Obstetric follow-up and postpartum testing"
"Stillbirth","Immediate obstetric care and bereavement support","Investigations for cause","Counseling and follow-up care","Plan future pregnancies with specialist if needed"
"Postpartum hemorrhage","Immediate emergency care","Uterotonic medications and interventions","Blood transfusion if needed","Monitor in hospital"
"Preterm labor","Seek obstetric care immediately","Tocolytics and steroids as indicated","Monitor fetal and maternal condition","Plan for neonatal support"
"Infant respiratory distress syndrome","Neonatal intensive care and respiratory support","Surfactant therapy if indicated","Thermal and nutritional support","Follow-up for lung development"
"Neonatal sepsis","Immediate antibiotics and NICU care","Monitor vitals and organ function","Infection control measures","Follow-up for development"
"Congenital heart disease (infant)","Pediatric cardiology evaluation","Monitor feeding and growth","Surgical/interventional planning if needed","Family counseling"
"Childhood asthma","Avoid triggers and allergen control","Prescribed inhaler technique","Action plan for exacerbations","Regular pediatric follow-up"
"Pediatric febrile illness","Assess for source and hydration","Antipyretics as advised","Seek urgent care for lethargy, poor feeding, or seizures","Keep fever-chart"
"Autism spectrum disorder","Early developmental assessment and intervention","Structured routines and therapies","Family support and education","School-based services and follow-up"
"Attention deficit hyperactivity disorder (ADHD)","Behavioral strategies and structure","Medication if recommended","School coordination and support","Parent training and monitoring"
"Down syndrome","Early intervention and screening for comorbidities","Cardiac and thyroid screening","Developmental therapies","Family support services"
"Rheumatoid arthritis","Early rheumatology referral and DMARDs","Joint protection and physiotherapy","Regular monitoring for side effects","Vaccination and infection precautions"
"Systemic lupus erythematosus (SLE)","Follow rheumatology for systemic therapy","Sun protection and skin care","Monitor organ involvement and labs","Medication adherence"
"Sjögren's syndrome","Eye and mouth lubricants","Hydration and saliva substitutes","Regular dental care","Rheumatology follow-up"
"Ankylosing spondylitis","Regular exercise and posture care","NSAIDs and biologics as advised","Physiotherapy","Monitor for spinal complications"
"Psoriatic arthritis","Rheumatology management and DMARDs","Skin care for psoriasis","Exercise and joint protection","Monitor inflammation"
"Reactive arthritis","Treat underlying infection if present","NSAIDs for pain","Physio for joint mobility","Rheumatology follow-up if chronic"
"Fibromyalgia","Exercise and graded activity","Sleep hygiene and stress management","Medications for symptom control as guided","Multidisciplinary care"
"Chronic fatigue syndrome","Pacing and energy management","Sleep and stress optimization","Graded exercise therapy as tolerated","Supportive care"
"Chronic obstructive pulmonary disease (COPD)","Smoking cessation","Vaccinations (flu, pneumococcal)","Pulmonary rehab and inhalers","Avoid pollutants and infections"
"Emphysema","Quit smoking","Pulmonary rehabilitation","Inhaled bronchodilators as prescribed","Vaccination and oxygen if needed"
"Bronchiectasis","Airway clearance techniques","Antibiotics for exacerbations","Vaccinate and avoid smoking","Regular chest physiotherapy"
"Cystic fibrosis","Specialist multidisciplinary care","Airway clearance and inhaled therapies","Pancreatic enzyme replacement","Nutritional support and vaccinations"
"Interstitial lung disease","Pulmonology referral and imaging","Avoid occupational exposures","Medications (steroids/antifibrotics) as indicated","Pulmonary rehab"
"Occupational asthma","Avoid workplace trigger exposure","Use PPE and improve ventilation","Relocation if needed","Medical management"
"Silicosis","Avoid further silica exposure","Pulmonary evaluation","Supportive respiratory care","Occupational health reporting"
"Asbestosis","Avoid further asbestos exposure","Pulmonary monitoring and cancer screening","Symptom management","Occupational health follow-up"
"Osteomyelitis","Seek prolonged antibiotics as prescribed","Surgical debridement if needed","Immobilize and elevate limb","Follow-up imaging and labs"
"Fracture (bone)","Immobilize and seek orthopedic care","Pain control and imaging","Surgical fixation if indicated","Rehabilitation after healing"
"Dislocation","Do not attempt self-reduction without guidance","Immobilize and seek urgent reduction","Pain control and imaging","Rehabilitation afterward"
"Sprain/strain","Rest, ice, compression, elevation (RICE)","Avoid weight-bearing initially if indicated","Gradual physiotherapy","Analgesia as needed"
"Tendonitis","Rest and avoid repetitive activity","Ice and NSAIDs as advised","Physical therapy and stretching","Consider injections if chronic"
"Carpal tunnel syndrome","Wrist splinting","Avoid repetitive strain; ergonomic changes","Steroid injections if needed","Surgical review if severe"
"Rotator cuff injury","Rest and physiotherapy","Avoid overhead activities","Analgesia and possible steroid injection","Surgical referral if tear significant"
"Avascular necrosis","Limit weight-bearing on affected joint","Orthopedic evaluation","Pain management and joint-preserving measures","Surgical options if advanced"
"Septic arthritis","Seek urgent joint drainage and antibiotics","Hospital admission often required","Avoid weight-bearing","Rheumatology/orthopedic follow-up"
"Immunodeficiency (primary)","Immunology referral and testing","Vaccination per specialist guidance","Infection prevention measures","Consider immunoglobulin therapy if indicated"
"Secondary immunodeficiency (e.g., from meds)","Review and adjust immunosuppressive drugs if possible","Infection precautions","Vaccination advice","Specialist follow-up"
"Occupational dermatitis","Identify and avoid workplace irritant","Use protective clothing/gloves","Topical therapy as advised","Occupational health involvement"
"Nail fungal infection (onychomycosis)","Topical or oral antifungal as prescribed","Keep nails trimmed and dry","Avoid sharing nail tools","Consider podiatry referral"
"Toenail trauma/infection","Keep area clean and dry","Soak and trim if recommended","Antibiotics if bacterial infection","Podiatry follow-up for recurrent problems"
"Plantar fasciitis","Rest and stretching exercises","Supportive footwear and orthotics","Night splints if recommended","Physical therapy"
"Ingrown toenail","Soak and gentle nail care","Avoid tight shoes","See podiatry for partial nail removal if severe","Keep area clean to avoid infection"
"Bell's palsy (repeated)","Protect eye and follow facial exercises","Steroids/antivirals when indicated","Monitor recovery","Neurology follow-up for atypical cases"
"Peripheral vascular disease","Smoking cessation and exercise","Manage diabetes and BP","Antiplatelet therapy as indicated","Vascular surgery referral for severe disease"
"Heat exhaustion","Move to cool environment","Hydrate with electrolytes","Rest and monitor vitals","Seek medical care if not improving"
"Cold injury (frostbite)","Rapid rewarming in warm water","Do not rub frozen tissues","Pain control and wound care","Seek medical care for severe injury"
"Poisoning (general)","Remove source and seek emergency care","Call poison control center","Do not induce vomiting unless advised","Bring container/label to hospital"
"Tick-borne diseases (Lyme)","Remove tick promptly and clean area","Monitor for rash/fever; seek early antibiotics if indicated","Use tick repellents and protective clothing","Check and treat pets and surroundings"
"Leptospirosis","Avoid contaminated water","Protective clothing around animals","Seek early antibiotics if febrile after exposure","Public health notification if outbreak"
"Schistosomiasis","Avoid freshwater in endemic areas","Seek antiparasitic treatment if infected","Public health measures for control","Wear protective footwear where applicable"
"Hookworm infection","Deworming as prescribed","Wear shoes and improve sanitation","Treat household contacts if needed","Nutrition support for anemia"
"Ascaris (roundworm)","Deworming medication as prescribed","Improve sanitation and handwashing","Wash fruits/vegetables thoroughly","Public health measures"
"Giardiasis","Treat with antiprotozoals as prescribed","Practice good hygiene and water safety","Avoid untreated water/streams","Follow-up if diarrhea persists"
"Amebiasis","Seek antiparasitic treatment","Avoid contaminated food/water","Hygiene and sanitation improvements","Test and treat household contacts if needed"
"Trichomoniasis","Seek STI testing and treatment","Treat sexual partners simultaneously","Use condoms to prevent reinfection","Avoid alcohol-risk behaviors"
"Bacterial vaginosis","Seek appropriate antibiotic treatment","Avoid douching and irritants","Use condoms and reduce multiple partners","Follow-up if recurrent"
"Yeast infection (vaginal candidiasis)","Antifungal therapy as prescribed","Avoid tight synthetic underwear","Maintain good perineal hygiene","Treat partners only if symptomatic"
"Prostatitis","Seek urology evaluation and antibiotics if bacterial","Hydration","Avoid irritants like alcohol/spicy food","Follow-up for chronic symptoms"
"Epididymitis","Antibiotics if bacterial","Scrotal support and analgesia","Avoid sexual activity until treated","Follow-up for resolution"
"Hydrocele","Observe if small and asymptomatic","Surgical consult if large or painful","Supportive care","Pediatric urology review for congenital cases"
"Testicular torsion","Seek immediate emergency care","Avoid delays—surgical detorsion required","Do not attempt home maneuvers","Fertility counsel after salvage if affected"
"Pharyngitis (viral)","Rest and hydration","Saltwater gargles","Avoid antibiotics unless bacterial","Symptom control with analgesics"
"Oral thrush","Antifungal mouthwash or lozenges","Maintain oral hygiene","Address underlying causes (diabetes, steroids)","Dentist or doctor follow-up"
"Dental abscess","Seek dental care and antibiotics","Avoid hot/cold foods if painful","Pain management and drainage if indicated","Follow-up for root canal/extraction"
"Periodontal disease","Good oral hygiene and flossing","Regular dental cleanings","Quit smoking","Dental care and possible periodontal therapy"
"TMJ dysfunction","Soft diet and jaw rest","Avoid wide yawning and hard foods","Jaw exercises and heat/cold packs","Dental/ENT referral if persistent"
"Concussion (recurrent)","Strict rest then gradual return","Avoid contact sports until cleared","Neuro follow-up for persistent symptoms","Cognitive rehabilitation as needed"
"Vertigo (Meniere's disease)","Low-sodium diet and avoid triggers","Vestibular rehab exercises","Diuretics if prescribed","ENT follow-up and hearing monitoring"
"Motion sickness","Avoid heavy meals before travel","Use antiemetic or acupressure bands","Look at horizon and reduce head movement","Stay hydrated"
"Insomnia","Sleep hygiene and consistent schedule","Avoid stimulants near bedtime","Relaxation techniques and CBT-i","Seek medical review for underlying causes"
"Obstructive sleep apnea","Weight loss and sleep position changes","Avoid alcohol and sedatives before sleep","CPAP therapy as prescribed","Sleep study and follow-up"
"Narcolepsy","Sleep hygiene and scheduled naps","Medication as prescribed","Safety measures for driving","Sleep specialist follow-up"
"Restless legs syndrome","Avoid caffeine and nicotine","Iron level check and supplement if low","Sleep hygiene and leg exercises","Medication if severe"
"Motion-induced vertigo","Avoid triggers and sudden movements","Vestibular rehab","Hydration and rest","Medication for acute symptoms if needed"
"Acute pancreatitis (mild)","Fasting initially and IV fluids","Pain control and monitoring","Identify and remove cause (gallstone/alcohol)","Gradual refeeding when improving"
"Chronic liver disease (cirrhosis)","Avoid alcohol and hepatotoxins","Vaccinate for hepatitis and flu","Low-sodium diet for ascites","Regular hepatology surveillance"
"Hepatic encephalopathy","Seek medical evaluation","Lactulose and ammonia-lowering therapy as prescribed","Avoid sedatives and constipation","Monitor neurologic status"
"Ascites","Low-salt diet and diuretics as prescribed","Paracentesis if severe","Monitor weight and abdominal girth","Treat underlying liver disease"
"Portal hypertension","Manage variceal bleeding risk (endoscopy)","Beta-blockers if indicated","Avoid alcohol","Regular hepatology follow-up"
"Gallbladder cancer","Early surgical and oncology referral","Imaging and staging","Symptom control","Discuss treatment options with specialist"
"Small bowel obstruction","Seek emergency surgical care","Nil by mouth and IV fluids","Decompression if needed","Surgical intervention if indicated"
"Large bowel obstruction","Emergency evaluation and surgical management","Bowel rest and IV fluids","Avoid laxatives if mechanical obstruction","Surgical consult"
"Anal fissure","High-fiber diet and stool softeners","Warm sitz baths","Topical anesthetic/steroid as prescribed","Surgical referral if chronic"
"Chronic pelvic pain","Multidisciplinary assessment","Pelvic physiotherapy and pain management","Rule out gynecologic/urologic causes","Psychological support if needed"
"Endometriosis","Pain control and hormonal therapy","Surgical consult for severe disease","Fertility counselling if desired","Lifestyle and exercise"
"Uterine fibroids","Monitor size and symptoms","Manage heavy bleeding with meds or procedures","Surgical options if symptomatic","Fertility discussion if needed"
"Menorrhagia","Evaluate for cause and treat anemia","Medications to reduce bleeding","Consider IUD or surgical options","Gynecology follow-up"
"Premenstrual syndrome (PMS)","Lifestyle, exercise, and diet changes","Stress management","NSAIDs and hormonal options if needed","Counseling for severe symptoms"
"Infertility (male)","Lifestyle changes and avoid heat exposure","Check and treat infections","Semen analysis and urology referral","Fertility specialist counselling"
"Infertility (female)","Lifestyle and weight management","Fertility workup and hormonal evaluation","Timely referral to fertility services","Address underlying uterine/tubal issues"
"Ovarian cyst (functional)","Observation if small and asymptomatic","Pain control and follow-up imaging","Hormonal management if recurrent","Surgical referral if large or complex"
"Breast mastitis","Antibiotics if bacterial","Ensure effective breastfeeding or express milk","Warm compresses and analgesia","Lactation consultant support"
"Breast engorgement","Frequent breastfeeding or pumping","Warm compresses before feeding","Cold compresses after feeding","Supportive bra and analgesics"
"Fibrocystic breast changes","Supportive care and symptomatic treatment","Avoid caffeine if triggers","Regular breast exams and imaging if needed","Reassurance and follow up"
"Carcinoma in situ (various)","Specialist evaluation and staging","Discuss definitive local therapy","Follow-up surveillance","Consider risk-reducing measures where appropriate"
"Occupational lung disease (various)","Remove exposure to causative agent","Occupational health assessment","Symptom management and rehabilitation","Legal/compensation advice if applicable"
"Chagas disease","Vector avoidance and control","Seek antiparasitic treatment if indicated","Screen blood/organ donors in endemic areas","Cardiac/GI follow-up if chronic disease"
"Leishmaniasis","Avoid sandfly bites and insect protection","Seek specialist antiparasitic therapy","Skin wound care for cutaneous forms","Monitor for visceral disease signs"
"Malnutrition (overweight child)","Balanced diet and activity","Parental education","Monitor growth and development","Address psychosocial factors"
"Seasonal allergic rhinitis","Avoid allergens and pollen exposure","Nasal saline and antihistamines","Consider immunotherapy if severe","Monitor for asthma"
"Chronic sinusitis with polyps","ENT evaluation and medical therapy","Nasal steroids and saline irrigations","Surgical options if refractory","Allergy testing if indicated"
"Otitis externa (swimmer's ear)","Keep ear dry and avoid inserting objects","Topical antibiotics/steroids as prescribed","Avoid swimming until resolved","Ear protection when swimming"
"Acute mastoiditis","Urgent ENT evaluation and antibiotics","Drainage and possible surgery","Avoid delays as complication risk","Follow-up hearing assessment"
"Cholangiocarcinoma","Early specialist evaluation","Staging and multidisciplinary care","Symptom control and biliary drainage if needed","Discuss oncologic treatment"
"Small intestine bacterial overgrowth","Treat with targeted antibiotics","Dietary modification and prokinetics if needed","Address underlying motility issues","Follow-up breath testing"
"Whipple's disease","Antibiotic therapy as directed","Nutritional support","Monitor for relapse","Specialist infectious disease follow-up"
"Porphyria","Avoid porphyrinogenic drugs","Manage acute attacks in hospital","High carbohydrate intake during attacks as advised","Genetic counseling and specialist follow-up"
"Wilson disease","Chelation therapy and zinc as prescribed","Low-copper diet","Regular monitoring of liver and neuro function","Genetic counseling"
"Niemann-Pick disease","Genetic/neurology referral","Supportive care and symptom management","Consider specialist therapies/trials","Genetic counseling"
"Gaucher disease","Enzyme replacement or substrate reduction therapy","Specialist hematology/metabolic follow-up","Bone health monitoring","Genetic counseling"
"Fragile X syndrome","Early developmental support","Speech and occupational therapy","Genetic counseling","Educational accommodations"
"Muscular dystrophy","Neurology and genetic referral","Physiotherapy and mobility aids","Cardiac/respiratory monitoring","Genetic counseling and family support"
"Spinal muscular atrophy","Early diagnosis and specialist therapy","Respiratory and nutritional support","Gene-specific treatments if available","Multidisciplinary care"
"Rett syndrome","Neurology and developmental follow-up","Symptom-directed therapies","Support for feeding and seizures","Family support services"
"Marfan syndrome","Cardiac monitoring for aortic root disease","Avoid high-impact sports","Genetic counseling","Regular ophthalmology and orthopedics review"
"Ehlers-Danlos syndrome","Joint protection and physiotherapy","Avoid heavy contact sports","Skin care and wound management","Genetic counseling"
"Hypertrophic cardiomyopathy","Cardiology assessment and imaging","Avoid strenuous competitive sports unless cleared","Medication or ICD if indicated","Family screening"
"Dilated cardiomyopathy","Manage heart failure symptoms","Control blood pressure and infections","Cardiology follow-up and meds","Consider device/surgical options if needed"
"Restrictive cardiomyopathy","Specialist cardiology care","Manage symptoms and arrhythmias","Assess for transplant if severe","Supportive care"
"Cardiomyopathy induced by alcohol/drugs","Stop offending substance","Cardiac function monitoring","Supportive medical therapy","Rehab and substance support"
"Takayasu arteritis","Rheumatology and vascular management","Immunosuppressive therapy as prescribed","Monitor pulses and blood pressures","Vascular surgical review if needed"
"Giant cell arteritis","High-dose steroids promptly if suspected","Monitor vision and temporal artery symptoms","Temporal artery biopsy if indicated","Rheumatology follow-up"
"Thrombocytopenia","Identify and treat underlying cause","Avoid NSAIDs and aspirin unless advised","Monitor for bleeding","Hematology referral"
"Iron overload (hemochromatosis)","Phlebotomy or chelation as prescribed","Avoid excess iron/vitamin C supplements","Liver monitoring","Genetic counseling"
"Porphyria cutanea tarda","Avoid alcohol and estrogens if triggers","Phlebotomy or low-dose hydroxychloroquine as indicated","Sun protection","Hepatology follow-up"
"Wilson disease (repeated)","Chelation and low copper diet","Liver monitoring and neuro follow-up","Genetic counseling","Medication adherence"
"Acute intermittent porphyria","Avoid triggers including certain drugs","Hospital management during attacks","High carbohydrate intake as advised","Specialist follow-up"
"Autoimmune hepatitis","Immunosuppressive therapy as indicated","Regular liver function monitoring","Avoid alcohol and hepatotoxins","Hepatology follow-up"
"Primary biliary cholangitis","Ursodeoxycholic acid as indicated","Monitor liver function and bone health","Limit alcohol","Hepatology follow-up"
"Primary sclerosing cholangitis","Gastro/hepatology follow-up","Monitor for cholestasis and cholangiocarcinoma","Treat complications (ERCP)","Consider transplant evaluation if advanced"
"Wilson disease complications","Adhere to chelation","Monitor liver and neuro function","Avoid hepatotoxins","Specialist follow-up"
"Acute glomerulonephritis","Seek nephrology assessment","Control BP and manage fluid/electrolytes","Treat infections if present","Follow-up renal function"
"Nephrotic syndrome","Salt and fluid management","Diuretics and protein monitoring","Treat underlying cause and immunosuppressants if indicated","Renal follow-up"
"Interstitial nephritis","Stop offending drug if drug-induced","Steroids if severe","Hydration and supportive care","Nephrology follow-up"
"Renal colic","Hydration and pain control","Strain urine to capture stones","Urology referral for large stones","Follow-up for prevention"
"Acute kidney injury","Seek urgent medical care","Stop nephrotoxic drugs","IV fluids/renal support as needed","Nephrology follow-up"
"Chronic kidney disease complications","Monitor anemia, bone disease, electrolytes","Dietary restrictions and meds","Consider dialysis planning","Nephrology care"
"Peritoneal dialysis complications","Maintain sterile technique","Monitor for peritonitis signs","Prompt antibiotics if infected","Dialysis center follow-up"
"Hemodialysis access problems","Protect access site from trauma","Monitor for infection or thrombosis","Seek vascular access care promptly","Follow dialysis unit advice"
"Kidney transplant care","Adhere to immunosuppressive regimen","Infection precautions and vaccination guidance","Monitor for rejection","Regular transplant clinic follow-up"
"Organ transplant rejection","Report symptoms promptly (fever, pain)","Bloodwork and biopsy as advised","Adjust immunosuppression under specialist guidance","Adherence to meds and follow-up"
"Post-transplant infection","Infection prevention and hygiene","Prompt treatment of infections","Monitor immunosuppressant levels","Transplant clinic follow-up"
"Bone marrow transplantation care","Infection precautions and isolation when needed","Monitor blood counts","Supportive transfusions and meds","Hematology/oncology follow-up"
"Chemotherapy-related neutropenia","Prompt medical attention for fever","Avoid crowded places and infections","Prophylactic measures guided by oncology","Maintain good hygiene"
"Radiation dermatitis","Skin care and gentle cleansing","Avoid irritants and sun exposure","Moisturizers and topical treatments as advised","Radiation oncology follow-up"
"Chemotherapy nausea","Use antiemetics as prescribed","Small frequent meals and hydration","Report severe persistent vomiting","Oncology supportive care"
"Hematologic transfusion reaction","Stop transfusion and seek emergency care","Supportive management (IV fluids, meds)","Report and document reaction","Hematology/transfusion service follow-up"
"Thalassemia","Regular monitoring and transfusion as needed","Iron chelation therapy","Genetic counseling","Specialist hematology follow-up"
"Sickle cell disease","Hydration and pain control during crisis","Avoid triggers (dehydration, cold)" ,"Vaccinations and infection prevention","Hydroxyurea and specialist follow-up"
"Von Willebrand disease","Avoid NSAIDs and aspirin without advice","Desmopressin or other treatments as advised","Plan minor procedures with hematology","Bleeding precautions"
"Haemophilia","Avoid trauma and contact sports","Factor replacement as prescribed","Medical alert identification","Hematology follow-up"
"Chagas chronic cardiac/GI complications","Cardiac monitoring and treatment","GI management for megacolon/megaesophagus","Antiparasitic therapy early when indicated","Specialist follow-up"
"Leishmaniasis chronic complications","Monitor for mucocutaneous involvement","Specialist antiparasitic therapy","Supportive care for disfigurement","Regular follow-up"
"Malnutrition (underweight adult)","Nutrient-dense diet and supplements","Address underlying causes (medical/psychosocial)","Regular weight and nutritional monitoring","Dietitian follow-up"
"Severe acute malnutrition (SAM)","Medical stabilization and rehydration","Therapeutic feeding protocols","Monitor for complications (infections, electrolyte imbalances)","Follow-up nutritional rehabilitation"
"Bulimia nervosa","Nutritional counseling and psychotherapy","Avoid purging behaviors","Medical monitoring for electrolyte imbalances","Psychiatric follow-up"
"Anorexia nervosa","Nutritional rehabilitation and weight restoration","Psychotherapy and family support","Medical monitoring for complications","Psychiatric follow-up"
"Body dysmorphic disorder","Cognitive-behavioral therapy","Avoid cosmetic procedures without psychiatric evaluation","Medication if indicated","Psychiatric follow-up"
"Obsessive-compulsive disorder (OCD)","Cognitive-behavioral therapy (CBT)","Medication (SSRIs) as prescribed","Avoidance of compulsive behaviors","Psychiatric follow-up"
"Post-traumatic stress disorder (PTSD)","Trauma-focused psychotherapy","Medication if indicated","Avoidance of triggers when possible","Psychiatric follow-up"
"Generalized anxiety disorder (GAD)","Cognitive-behavioral therapy","Medication (SSRIs/SNRIs) as prescribed","Relaxation techniques and lifestyle changes","Psychiatric follow-up"
"Major depressive disorder","Psychotherapy and counseling","Medication (antidepressants) as prescribed","","Lifestyle modifications and support","Psychiatric follow-up"
"Bipolar disorder","Mood stabilizers as prescribed","Psychotherapy and psychoeducation","Avoid substance abuse","Regular psychiatric follow-up"
"Schizophrenia","Antipsychotic medication adherence","Psychosocial support and rehabilitation","Avoid substance abuse","Regular psychiatric follow-up"
"Borderline personality disorder","Dialectical behavior therapy (DBT)","Medication for symptom management if needed","Avoid self-harm behaviors","Psychiatric follow-up"
"Antisocial personality disorder","Psychotherapy and behavioral interventions","Avoid substance abuse","Legal and social support","Psychiatric follow-up"
"Conduct disorder","Behavioral therapy and family involvement","School support and monitoring","Avoid substance abuse","Psychiatric follow-up"
"Oppositional defiant disorder","Behavioral interventions and parent training","School collaboration","Consistent discipline strategies","Psychiatric follow-up"
"Adjustment disorder","Psychotherapy and counseling","Address stressors and coping strategies","Support systems enhancement","Psychiatric follow-up"
"Somatic symptom disorder","Psychotherapy focusing on symptom management","Avoid unnecessary medical tests","Encourage healthy behaviors","Psychiatric follow-up"
"Illness anxiety disorder","Cognitive-behavioral therapy","Limit medical investigations unless necessary","Focus on stress management","Psychiatric follow-up"
"Factitious disorder","Psychiatric evaluation and therapy","Avoid unnecessary medical procedures","Address underlying psychological needs","Psychiatric follow-up"
"Conversion disorder","Psychotherapy and physical rehabilitation","Avoid unnecessary medical tests","Address psychological stressors","Psychiatric follow-up"
"Sleepwalking (somnambulism)","Ensure safe environment to prevent injury","Maintain regular sleep schedule","Avoid sleep deprivation and stress","Seek medical advice if frequent or dangerous"
"Night terrors","Ensure safe sleeping environment","Maintain consistent bedtime routine","Avoid sleep deprivation","Reduce stress before bedtime","Seek medical advice if frequent or severe"
"REM sleep behavior disorder","Protective measures to prevent injury during sleep","Avoid alcohol and sedatives","Consult sleep specialist for management","Medication if indicated"
"Sleep paralysis","Reassure and educate about benign nature","Maintain regular sleep schedule","Reduce stress and sleep deprivation","Sleep hygiene practices"
"Restless legs syndrome (repeated)","Avoid caffeine and nicotine","Iron supplementation if deficient","Sleep hygiene and leg exercises","Medication if severe"
"Periodic limb movement disorder","Sleep hygiene and avoidance of stimulants","Iron level check and supplement if low","Medication if indicated","Sleep specialist follow-up"
"Narcolepsy (repeated)","Sleep hygiene and scheduled naps","Medication as prescribed","Safety measures for driving","Sleep specialist follow-up"
"Acute stress disorder","Early psychological intervention","Stress management techniques","Avoidance of further trauma","Psychiatric follow-up"
"Adjustment disorder (repeated)","Psychotherapy and counseling","Address stressors and coping strategies","Support systems enhancement","Psychiatric follow-up"
"Seasonal affective disorder","Light therapy as advised","Psychotherapy and lifestyle changes","Medication if indicated","Psychiatric follow-up"
"Premature ejaculation","Behavioral techniques and counseling","Avoidance of performance anxiety","Medication if indicated","Sexual health specialist follow-up"
"Erectile dysfunction","Lifestyle modifications (smoking cessation, exercise)","Address underlying medical conditions","Medication if indicated","Psychological counseling if needed","Urology/sexual health follow-up"
"Female sexual dysfunction","Psychotherapy and counseling","Address relationship and psychological factors","Lifestyle modifications","Sexual health specialist follow-up"
"Vaginismus","Pelvic floor physical therapy","Psychosexual counseling","Gradual desensitization techniques","Sexual health specialist follow-up"
"Dyspareunia","Identify and treat underlying causes","Use of lubricants and pelvic floor therapy","Psychosexual counseling if needed","Sexual health specialist follow-up"
"Chronic prostatitis/chronic pelvic pain syndrome","Pain management and alpha-blockers if indicated","Pelvic floor physical therapy","Avoid irritants like alcohol/spicy food","Urology follow-up"
"Interstitial cystitis/bladder pain syndrome","Bladder training and dietary modifications","Pain management as advised","Physical therapy for pelvic floor","Urology follow-up"
"Vulvodynia","Pain management and topical treatments","Pelvic floor physical therapy","Avoid irritants","Psychosexual counseling if needed","Gynecology/sexual health follow-up"
"Chronic migraine","Identify and avoid triggers","Preventive medications as prescribed","Acute treatment during attacks","Neurology follow-up"
"Tension-type headache","Stress management and relaxation techniques","Regular sleep and meal patterns","Over-the-counter analgesics as needed","Neurology follow-up if frequent"
"Cluster headache","Seek medical care for acute attacks","Preventive medications as prescribed","Avoid alcohol and smoking","Neurology follow-up"
"Medication overuse headache","Gradual withdrawal of overused medications","Preventive headache management","","Neurology follow-up"
"Trigeminal neuralgia","Seek neurology evaluation","Medications (anticonvulsants) as prescribed","Avoid triggers if possible","Surgical options if refractory"
"Temporal arteritis","High-dose steroids promptly if suspected","Monitor vision and systemic symptoms","Temporal artery biopsy if indicated","Rheumatology follow-up"
"Polymyalgia rheumatica","Low-dose steroids as prescribed","Monitor symptoms and side effects","Gradual tapering of steroids","Rheumatology follow-up"
" Dermatomyositis","Rheumatology referral and immunosuppressive therapy","Physical therapy for muscle strength","Skin care and sun protection","Regular monitoring for malignancy"
"Polymyositis","Rheumatology referral and immunosuppressive therapy","Physical therapy for muscle strength","Monitor for respiratory involvement","Regular follow-up"   
"Inclusion body myositis","Neurology and rheumatology referral","Physical therapy to maintain function","Symptom management","Regular follow-up"    
"Febrile illness in child","Hydration and rest","Monitor temperature regularly","Seek medical care if high fever persists or other symptoms develop","Follow fever management advice"
"Growth delay in child","Nutritional assessment and support","Regular growth monitoring","Evaluate for underlying medical conditions","Pediatric endocrinology referral if needed"
"Developmental delay in child","Early intervention services","Regular developmental assessments","Address underlying medical or social factors","Pediatric specialist follow-up"
"Autism spectrum disorder","Early behavioral and educational interventions","Speech and occupational therapy","Family support and counseling","Regular developmental follow-up"
"Attention deficit hyperactivity disorder (ADHD)","Behavioral therapy and educational support","Medication if indicated","Parental training and support","Regular psychiatric follow-up"


